{"cameraMode":{"drawMode":0,"name":"Shaded","section":"Shading Mode"},"sceneLighting":true,"audioPlay":false,"sceneViewState":{"showFog":true,"showMaterialUpdate":false,"showSkybox":true,"showFlares":true,"showImageEffects":true,"showParticleSystems":true},"in2DMode":false,"pivot":{"x":2.1067757606506349,"y":3.4376060962677,"z":18.195981979370118},"rotation":{"x":-0.013810435310006142,"y":0.967364490032196,"z":-0.05404449254274368,"w":-0.2472151219844818},"size":1.5789072513580323,"orthographic":false}