{"cameraMode":{"drawMode":0,"name":"Shaded","section":"Shading Mode"},"sceneLighting":true,"audioPlay":false,"sceneViewState":{"showFog":false,"showMaterialUpdate":false,"showSkybox":true,"showFlares":true,"showImageEffects":true,"showParticleSystems":true},"in2DMode":false,"pivot":{"x":1.039966344833374,"y":-23.525390625,"z":81.40151977539063},"rotation":{"x":0.7144915461540222,"y":2.6802300379102918e-9,"z":2.344126670550395e-9,"w":0.699642539024353},"size":14.450794219970704,"orthographic":true}