{"cameraMode":{"drawMode":0,"name":"Shaded","section":"Shading Mode"},"sceneLighting":true,"audioPlay":false,"sceneViewState":{"showFog":true,"showMaterialUpdate":false,"showSkybox":true,"showFlares":true,"showImageEffects":true,"showParticleSystems":true},"in2DMode":false,"pivot":{"x":7.815046310424805,"y":4.459883213043213,"z":23.256196975708009},"rotation":{"x":0.1081300899386406,"y":-0.5251805186271668,"z":0.06748856604099274,"w":0.8414025902748108},"size":24.876651763916017,"orthographic":false}